<?xml version='1.0' encoding='UTF-8'?>
<ExtensionManifest ExtensionBundleId="com.resolution" ExtensionBundleVersion="1.0.0"
  ExtensionBundleName="resolution" Version="8.0"
  xmlns:xsi="http://www.w3.org/2001/XMLSchema-instance">
  <ExtensionList>
    <Extension Id="com.resolution.panel" Version="1.0.0" />
  </ExtensionList>
  <ExecutionEnvironment>
    <HostList>
      <Host Name="ILST" Version="[23,99.9]" />
    </HostList>
    <LocaleList>
      <Locale Code="All" />
    </LocaleList>
    <RequiredRuntimeList>
      <RequiredRuntime Name="CSXS" Version="8.0" />
    </RequiredRuntimeList>
  </ExecutionEnvironment>
  <DispatchInfoList>
    <Extension Id="com.resolution.panel">
      <DispatchInfo>
        <Resources>
          <MainPath>./dist/index.html</MainPath>
          <!-- <MainPath>./public/index-dev.html</MainPath> -->
          <CEFCommandLine>
            <Parameter>
              --disable-features=SameSiteByDefaultCookies,CookiesWithoutSameSiteMustBeSecure,NetworkService</Parameter>
            <Parameter>--disable-site-isolation-trials</Parameter>
            <Parameter>--enable-nodejs</Parameter>
            <Parameter>--mixed-context</Parameter>
          </CEFCommandLine>
        </Resources>
        <Lifecycle>
          <AutoVisible>true</AutoVisible>
        </Lifecycle>
        <UI>
          <Type>Panel</Type>
          <Menu>resolution</Menu>
          <Geometry>
            <Size>
              <Height>100</Height>
              <Width>100</Width>
            </Size>
            <MaxSize>
              <Height>1000</Height>
              <Width>1000</Width>
            </MaxSize>
            <MinSize>
              <Height>20</Height>
              <Width>20</Width>
            </MinSize>
          </Geometry>
          <Icons />
        </UI>
      </DispatchInfo>
    </Extension>
  </DispatchInfoList>
</ExtensionManifest>